{"cameraMode":{"drawMode":0,"name":"Shaded","section":"Shading Mode"},"sceneLighting":false,"audioPlay":false,"sceneViewState":{"m_AlwaysRefresh":false,"showFog":true,"showSkybox":false,"showFlares":true,"showImageEffects":true,"showParticleSystems":true,"showVisualEffectGraphs":true,"m_FxEnabled":true},"in2DMode":false,"pivot":{"x":0.041115522384643558,"y":0.531212329864502,"z":1.0757997035980225},"rotation":{"x":-0.00507621094584465,"y":0.9922254085540772,"z":-0.11662300676107407,"w":-0.04318896681070328},"size":0.8302649259567261,"orthographic":false}