{"cameraMode":{"drawMode":0,"name":"Shaded","section":"Shading Mode"},"sceneLighting":false,"audioPlay":false,"sceneViewState":{"m_AlwaysRefresh":false,"showFog":true,"showSkybox":false,"showFlares":true,"showImageEffects":true,"showParticleSystems":true,"showVisualEffectGraphs":true,"m_FxEnabled":true},"in2DMode":false,"pivot":{"x":0.44154125452041628,"y":-0.7777937650680542,"z":-1.0506377220153809},"rotation":{"x":0.019574377685785295,"y":0.9748325943946838,"z":-0.20076622068881989,"w":0.09505364298820496},"size":1.3780488967895508,"orthographic":false}